epoch,acc,auc,learning_rate,loss,pr_auc,precision,recall,val_acc,val_auc,val_loss,val_pr_auc,val_precision,val_recall
0,0.6118279695510864,0.6233870983123779,0.0010000000474974513,0.6731535196304321,0.4642171859741211,0.4301369786262512,0.5064516067504883,0.6129032373428345,0.6134234666824341,0.6717501878738403,0.36420172452926636,0.1428571492433548,0.032258063554763794
1,0.6043010950088501,0.687578022480011,0.0010000000474974513,0.6410890221595764,0.5191949605941772,0.4400826394557953,0.6870967745780945,0.3333333432674408,0.6529656648635864,0.7251062989234924,0.3900981843471527,0.3333333432674408,1.0
2,0.6387096643447876,0.7094147205352783,0.0010000000474974513,0.6281942129135132,0.5586768388748169,0.46933960914611816,0.6419354677200317,0.3333333432674408,0.630072832107544,0.7862685918807983,0.3710939884185791,0.3333333432674408,1.0
3,0.6397849321365356,0.6957648396492004,0.0005000000237487257,0.6379766464233398,0.5315412878990173,0.46973365545272827,0.625806450843811,0.3333333432674408,0.5991154909133911,0.8788720965385437,0.35135021805763245,0.3333333432674408,1.0
4,0.6107527017593384,0.6822424530982971,0.0005000000237487257,0.6424524188041687,0.5314754247665405,0.44144144654273987,0.6322580575942993,0.3333333432674408,0.5936524868011475,0.957934558391571,0.3487417995929718,0.3333333432674408,1.0
